{
	"Changes": [
		{
			"LogName": "Vanilla Cooking Recipes",
			"Action": "EditData",
			"Target": "Data/CookingRecipes",
			"Entries": {
				"{{ModId}}_AcaiBowl": "-6 1 258 1 400 1 834 1 91 1 88 1 340 1/10 10/{{ModId}}_AcaiBowl/f Emily 6/{{i18n:AcaiBowl_name}}",
				"{{ModId}}_PoppySeedBagel": "376 1 246 1 -5 1 424 1 -6 1/10 10/{{ModId}}_PoppySeedBagel/f Penny 5/{{i18n:PoppySeedBagel_name}}",
				"{{ModId}}_BananaBread": "91 2 246 1 245 1 -5 1/10 10/{{ModId}}_BananaBread/f Caroline 5/{{i18n:BananaBread_name}}",
				"{{ModId}}_BreakfastBurrito": "-5 1 229 1 192 1 424 1/10 10/{{ModId}}_BreakfastBurrito/f Marnie 5/{{i18n:BreakfastBurrito_name}}",
				"{{ModId}}_BroccoliCheddarSoup": "Broccoli 1 424 1 -6 1 216 1/10 10/{{ModId}}_BroccoliCheddarSoup/none/{{i18n:BroccoliCheddarSoup_name}}",
				"{{ModId}}_CakePops": "276 1 246 1 245 1 -5 1/10 10/{{ModId}}_CakePops/f Abigail 5/{{i18n:CakePops_name}}",
				"{{ModId}}_CaramelApple": "613 1 245 1 724 1/10 10/{{ModId}}_CaramelApple/f Jodi 5/{{i18n:CaramelApple_name}}",
				"{{ModId}}_CarrotCake": "Carrot 2 Raisins 1 246 1 -6 1 -5 1/10 10/{{ModId}}_CarrotCake/none/{{i18n:CarrotCake_name}}",
				"{{ModId}}_CaviarOysters": "445 1 723 2 -6 1 419 1 348 1/10 10/{{ModId}}_CaviarOysters/f Willy 5/{{i18n:CaviarOysters_name}}",
				"{{ModId}}_CharcuterieBoard": "424 1 426 1 398 1 344 1/10 10/{{ModId}}_CharcuterieBoard/f Leah 5/{{i18n:CharcuterieBoard_name}}",
				"{{ModId}}_ChipsAndSalsa": "268 1 256 1 260 1 270 1 247 1/10 10/{{ModId}}_ChipsAndSalsa/f Sandy 3/{{i18n:ChipsAndSalsa_name}}",
				"{{ModId}}_Cornbread": "270 1 245 1 246 1 -6 1 -5 1 340 1 260 1/10 10/{{ModId}}_Cornbread/f Lewis 5/{{i18n:Cornbread_name}}",
				"{{ModId}}_DeviledEggs": "430 1 307 1 -5 3/10 10/{{ModId}}_DeviledEggs/f Gus 5/{{i18n:DeviledEggs_name}}",
				"{{ModId}}_DwarvenDragonRoll": "162 1 152 1 393 1 807 1 423 1 419 1/10 10/{{ModId}}_DwarvenDragonRoll/f Dwarf 5/{{i18n:DwarvenDragonRoll_name}}",
				"{{ModId}}_EspressoMocktini": "433 1 253 1 -6 1/10 10/{{ModId}}_EspressoMocktini/f Harvey 5/{{i18n:EspressoMocktini_name}}",
				"{{ModId}}_FairyBread": "216 1 245 1/10 10/{{ModId}}_FairyBread/f Jas 5/{{i18n:FairyBread_name}}",
				"{{ModId}}_FishAndChips": "-4 1 247 1 192 1 346 1 246 1/10 10/{{ModId}}_FishAndChips/f Pam 5/{{i18n:FishAndChips_name}}",
				"{{ModId}}_FruitTart": "245 1 -6 1 -5 1 634 1 400 1 410 1 635 1 414 1/10 10/{{ModId}}_FruitTart/f Evelyn 5/{{i18n:FruitTart_name}}",
				"{{ModId}}_GingerBeer": "304 1 829 2/10 10/{{ModId}}_GingerBeer/f Shane 6/{{i18n:GingerBeer_name}}",
				"{{ModId}}_GobySuccotash": "Goby 1 256 1 270 1 188 1/10 10/{{ModId}}_GobySuccotash/f Demetrius 5/{{i18n:GobySuccotash_name}}",
				"{{ModId}}_HollyJollyCupcake": "Powdermelon 1 283 1 245 1 -5 1 246 1/10 10/{{ModId}}_HollyJollyCupcake/none/{{i18n:HollyJollyCupcake_name}}",
				"{{ModId}}_LobsterRoll": "216 1 715 1 192 1 432 1 306 1/10 10/{{ModId}}_LobsterRoll/f Elliott 5/{{i18n:LobsterRoll_name}}",
				"{{ModId}}_MacAndCheese": "-5 1 246 1 424 2/10 10/{{ModId}}_MacAndCheese/f Sam 5/{{i18n:MacAndCheese_name}}",
				"{{ModId}}_MangoLassi": "834 2 -6 1 340 1/10 10/{{ModId}}_MangoLassi/f George 5/{{i18n:MangoLassi_name}}",
				"{{ModId}}_OrangeJuice": "635 2 245 1/10 10/{{ModId}}_OrangeJuice/f Leo 7/{{i18n:OrangeJuice_name}}",
				"{{ModId}}_Parfait": "Moss 1 88 1 410 1 296 1 396 1 402 1/10 10/{{ModId}}_Parfait/f Linus 5/{{i18n:Parfait_name}}",
				"{{ModId}}_PinaColada": "832 1 88 1 -6 1/10 10/{{ModId}}_PinaColada/f Haley 5/{{i18n:PinaColada_name}}",
				"{{ModId}}_Pulpo": "149 1 247 1 192 1/10 10/{{ModId}}_Pulpo/f Pierre 7/{{i18n:Pulpo_name}}",
				"{{ModId}}_Ramen": "DriedMushrooms 1 -5 2 152 1 Carrot 1 246 1 399 1 278 1/10 10/{{ModId}}_Ramen/f Sebastian 5/{{i18n:Ramen_name}}",
				"{{ModId}}_RedJelly": "613 1 638 1 245 1 340 1/10 10/{{ModId}}_RedJelly/f Clint 5/{{i18n:RedJelly_name}}",
				"{{ModId}}_RhubarbBalsamic": "252 1 829 1 724 1 419 1/10 10/{{ModId}}_RhubarbBalsamic/f Maru 5/{{i18n:RhubarbBalsamic_name}}",
				"{{ModId}}_ShadowGumbo": "269 1 246 1 772 1 422 1 814 1 16 1 308 1/10 10/{{ModId}}_ShadowGumbo/f Krobus 5/{{i18n:ShadowGumbo_name}}",
				"{{ModId}}_ShrimpAndGrits": "720 1 423 1 -6 1 424 1/10 10/{{ModId}}_ShrimpAndGrits/f Kent 5/{{i18n:ShrimpAndGrits_name}}",
				"{{ModId}}_SquashRisotto": "348 1 271 1 SummerSquash 1/10 10/{{ModId}}_SquashRisotto/none/{{i18n:SquashRisotto_name}}",
				"{{ModId}}_StrawberryCheesecake": "424 1 400 1 245 1 -5 1 223 1/10 10/{{ModId}}_StrawberryCheesecake/f Robin 5/{{i18n:StrawberryCheesecake_name}}",
				"{{ModId}}_BananaSplitSundae": "233 1 91 1 638 1 -6 1 245 1/10 10/{{ModId}}_BananaSplitSundae/f Vincent 5/{{i18n:BananaSplitSundae_name}}",
				"{{ModId}}_SuperSmoothie": "250 1 635 1 258 1 91 1 832 1/10 10/{{ModId}}_SuperSmoothie/f Alex 5/{{i18n:SuperSmoothie_name}}",
				"{{ModId}}_YobaTea": "MysticSyrup 1 454 1 -6 1 769 2/10 10/{{ModId}}_YobaTea/f Wizard 10/{{i18n:YobaTea_name}}",
				"{{ModId}}_ClubSunwich": "216 1 156 1 342 1 648 1 768 1/10 10/{{ModId}}_ClubSunwich/f Wizard 7/{{i18n:ClubSunwich_name}}",
				"{{ModId}}_QiBurger": "889 1 890 2 424 1 284 1/10 10/{{ModId}}_QiBurger/none/{{i18n:QiBurger_name}}"
			}
		} 
	]
}