{
	"Changes": [
        {
            "Action": "EditData",
            "Target": "Data/Mail",
            "Entries": {
                "EmilyAcaiBowlLetter": "{{i18n:Mail.Emily.EmilyCooking.LetterText}}^%item cookingRecipe {{ModId}}_AcaiBowl %%[#]{{i18n:Mail.Emily.EmilyCooking.LetterName}}",
                "PennyPoppySeedBagelLetter": "{{i18n:Mail.Penny.PennyCooking.LetterText}}^%item cookingRecipe {{ModId}}_PoppySeedBagel %%[#]{{i18n:Mail.Penny.PennyCooking.LetterName}}",
                "CarolineBananaBreadLetter": "{{i18n:Mail.Caroline.CarolineCooking.LetterText}}^%item cookingRecipe {{ModId}}_BananaBread %%[#]{{i18n:Mail.Caroline.CarolineCooking.LetterName}}",
                "MarnieBreakfastBurritoLetter":  "{{i18n:Mail.Marnie.MarnieCooking.LetterText}}^%item cookingRecipe {{ModId}}_BreakfastBurrito %%[#]{{i18n:Mail.Marnie.MarnieCooking.LetterName}}",
                "AbigailCakePopsLetter": "{{i18n:Mail.Abigail.AbigailCooking.LetterText}}^%item cookingRecipe {{ModId}}_CakePops %%[#]{{i18n:Mail.Abigail.AbigailCooking.LetterName}}",
                "JodiCaramelAppleLetter": "{{i18n:Mail.Jodi.JodiCooking.LetterText}}^%item cookingRecipe {{ModId}}_CaramelApple %%[#]{{i18n:Mail.Jodi.JodiCooking.LetterName}}",
                "WillyCaviarOystersLetter": "{{i18n:Mail.Willy.WillyCooking.LetterText}}^%item cookingRecipe {{ModId}}_CaviarOysters %%[#]{{i18n:Mail.Willy.WillyCooking.LetterName}}",
                "LeahCharcuterieBoardLetter": "{{i18n:Mail.Leah.LeahCooking.LetterText}}^%item cookingRecipe {{ModId}}_CharcuterieBoard %%[#]{{i18n:Mail.Leah.LeahCooking.LetterName}}",
                "SandyChipsAndSalsaLetter": "{{i18n:Mail.Sandy.SandyCooking.LetterText}}^%item cookingRecipe {{ModId}}_ChipsAndSalsa %%[#]{{i18n:Mail.Sandy.SandyCooking.LetterName}}",
                "LewisCornbreadLetter": "{{i18n:Mail.Lewis.LewisCooking.LetterText}}^%item cookingRecipe {{ModId}}_Cornbread %%[#]{{i18n:Mail.Lewis.LewisCooking.LetterName}}",
                "GusDeviledEggsLetter": "{{i18n:Mail.Gus.GusCooking.LetterText}}^%item cookingRecipe {{ModId}}_DeviledEggs %%[#]{{i18n:Mail.Gus.GusCooking.LetterName}}",
                "DwarfDwarvenDragonRollLetter": "{{i18n:Mail.Dwarf.DwarfCooking.LetterText}}^%item cookingRecipe {{ModId}}_DwarvenDragonRoll %%[#]{{i18n:Mail.Dwarf.DwarfCooking.LetterName}}",
                "HarveyEspressoMocktiniLetter": "{{i18n:Mail.Harvey.HarveyCooking.LetterText}}^%item cookingRecipe {{ModId}}_EspressoMocktini %%[#]{{i18n:Mail.Harvey.HarveyCooking.LetterName}}",
                "JasFairyBreadLetter": "{{i18n:Mail.Jas.JasCooking.LetterText}}^%item cookingRecipe {{ModId}}_FairyBread %%[#]{{i18n:Mail.Jas.JasCooking.LetterName}}",
                "PamFishAndChipsLetter": "{{i18n:Mail.Pam.PamCooking.LetterText}}^%item cookingRecipe {{ModId}}_FishAndChips %%[#]{{i18n:Mail.Pam.PamCooking.LetterName}}",
                "EvelynFruitTartLetter":  "{{i18n:Mail.Evelyn.EvelynCooking.LetterText}}^%item cookingRecipe {{ModId}}_FruitTart %%[#]{{i18n:Mail.Evelyn.EvelynCooking.LetterName}}",
                "ShaneGingerBeerLetter":  "{{i18n:Mail.Shane.ShaneCooking.LetterText}}^%item cookingRecipe {{ModId}}_GingerBeer %%[#]{{i18n:Mail.Shane.ShaneCooking.LetterName}}",
                "DemetriusGobySuccotashLetter":  "{{i18n:Mail.Demetrius.DemetriusCooking.LetterText}}^%item cookingRecipe {{ModId}}_GobySuccotash %%[#]{{i18n:Mail.Demetrius.DemetriusCooking.LetterName}}",
                "ElliottLobsterRollLetter": "{{i18n:Mail.Elliott.ElliottCooking.LetterText}}^%item cookingRecipe {{ModId}}_LobsterRoll %%[#]{{i18n:Mail.Elliott.ElliottCooking.LetterName}}",
                "SamMacAndCheeseLetter": "{{i18n:Mail.Sam.SamCooking.LetterText}}^%item cookingRecipe {{ModId}}_MacAndCheese %%[#]{{i18n:Mail.Sam.SamCooking.LetterName}}",
                "GeorgeMangoLassiLetter": "{{i18n:Mail.George.GeorgeCooking.LetterText}}^%item cookingRecipe {{ModId}}_MangoLassi %%[#]{{i18n:Mail.George.GeorgeCooking.LetterName}}",
                "LeoOrangeJuiceLetter": "{{i18n:Mail.Leo.LeoCooking.LetterText}}^%item cookingRecipe {{ModId}}_OrangeJuice %%[#]{{i18n:Mail.Leo.LeoCooking.LetterName}}",
                "LinusParfaitLetter":  "{{i18n:Mail.Linus.LinusCooking.LetterText}}^%item cookingRecipe {{ModId}}_Parfait %%[#]{{i18n:Mail.Linus.LinusCooking.LetterName}}",
                "HaleyPinaColadaLetter": "{{i18n:Mail.Haley.HaleyCooking.LetterText}}^%item cookingRecipe {{ModId}}_PinaColada %%[#]{{i18n:Mail.Haley.HaleyCooking.LetterName}}",
                "PierrePulpoLetter": "{{i18n:Mail.Pierre.PierreCooking.LetterText}}^%item cookingRecipe {{ModId}}_Pulpo %%[#]{{i18n:Mail.Pierre.PierreCooking.LetterName}}",
                "SebastianRamenLetter": "{{i18n:Mail.Sebastian.SebastianCooking.LetterText}}^%item cookingRecipe {{ModId}}_Ramen %%[#]{{i18n:Mail.Sebastian.SebastianCooking.LetterName}}",
                "ClintRedJellyLetter": "{{i18n:Mail.Clint.ClintCooking.LetterText}}^%item cookingRecipe {{ModId}}_RedJelly %%[#]{{i18n:Mail.Clint.ClintCooking.LetterName}}",
                "MaruRhubarbBalsamicLetter": "{{i18n:Mail.Maru.MaruCooking.LetterText}}^%item cookingRecipe {{ModId}}_RhubarbBalsamic %%[#]{{i18n:Mail.Maru.MaruCooking.LetterName}}",
                "KrobusShadowGumboLetter": "{{i18n:Mail.Krobus.KrobusCooking.LetterText}}^%item cookingRecipe {{ModId}}_ShadowGumbo %%[#]{{i18n:Mail.Krobus.KrobusCooking.LetterName}}",
                "KentShrimpAndGritsLetter": "{{i18n:Mail.Kent.KentCooking.LetterText}}^%item cookingRecipe {{ModId}}_ShrimpAndGrits %%[#]{{i18n:Mail.Kent.KentCooking.LetterName}}",
                "RobinStrawberryCheesecakeLetter": "{{i18n:Mail.Robin.RobinCooking.LetterText}}^%item cookingRecipe {{ModId}}_StrawberryCheesecake %%[#]{{i18n:Mail.Robin.RobinCooking.LetterName}}",
                "VincentBananaSplitSundaeLetter": "{{i18n:Mail.Vincent.VincentCooking.LetterText}}^%item cookingRecipe {{ModId}}_BananaSplitSundae %%[#]{{i18n:Mail.Vincent.VincentCooking.LetterName}}",
                "AlexSuperSmoothieLetter": "{{i18n:Mail.Alex.AlexCooking.LetterText}}^%item cookingRecipe {{ModId}}_SuperSmoothie %%[#]{{i18n:Mail.Alex.AlexCooking.LetterName}}",
                "LewisGrandpasCookbookLetter": "{{i18n:Mail.Lewis.GrandpasCookbook.LetterText}}%item object {{ModId}}_GrandpasCookbook 1 %%[#]{{i18n:Mail.Lewis.GrandpasCookbook.LetterName}}",
                "WizardYobaTeaLetter": "{{i18n:Mail.Wizard.WizardCooking.LetterText}}^%item cookingRecipe {{ModId}}_YobaTea %%[#]{{i18n:Mail.Wizard.WizardCooking.LetterName}}",
                "WizardClubSunwichLetter": "{{i18n:Mail.Wizard.WizardCooking2.LetterText}}^%item cookingRecipe {{ModId}}_ClubSunwich %%[#]{{i18n:Mail.Wizard.WizardCooking2.LetterName}}",
                "MisterQiQiBurgerLetter": "{{i18n:Mail.MisterQi.MisterQiCooking.LetterText}}^%item cookingRecipe {{ModId}}_QiBurger %%[#]{{i18n:Mail.MisterQi.MisterQiCooking.LetterName}}"
            }
        }
    ]
}