{
    "Changes": [
        {
            "Action": "EditData",
            "Target": "Data/NPCGiftTastes",
            "TextOperations": [
                {
                    "Operation": "Append",
                    "Target": [
                        "Entries",
                        "Universal_Love"
                    ],
                    "Value": "{{ModId}}_BroccoliCheddarSoup {{ModId}}_HollyJollyCupcake {{ModId}}_CarrotCake {{ModId}}_SquashRisotto",
                    "Delimiter": " "
                },
                {
                    "Operation": "Append",
                    "Target": [
                        "Entries",
                        "Universal_Hate"
                    ],
                    "Value": "{{ModId}}_ShadowGumbo {{ModId}}_YobaTea {{ModId}}_ClubSunwich",
                    "Delimiter": " "
                },
                {
                    "Operation": "Append",
                    "Target": [
                        "Entries",
                        "Universal_Dislike"
                    ],
                    "Value": "{{ModId}}_DwarvenDragonRoll {{ModId}}_QiBurger",
                    "Delimiter": " "
                },
                {
                    "Operation": "Append",
                    "Target": [
                        "Entries",
                        "Universal_Neutral"
                    ],
                    "Value": "{{ModId}}_FairyBread",
                    "Delimiter": " "
                },
                {
                    "Operation": "Append",
                    "Target": ["Fields", "Jas", 7],
                    "Value": "{{ModId}}_EspressoMocktini, {{ModId}}_PinaColada", 
                    "Delimiter": " "
                },
                {
                    "Operation": "Append",
                    "Target": ["Fields", "Leo", 7],
                    "Value": "{{ModId}}_EspressoMocktini, {{ModId}}_PinaColada", 
                    "Delimiter": " "
                },
                {
                    "Operation": "Append",
                    "Target": ["Fields", "Vincent", 7],
                    "Value": "{{ModId}}_EspressoMocktini, {{ModId}}_PinaColada", 
                    "Delimiter": " "
                },
                {
                    "Operation": "Append",
                    "Target": ["Fields", "Krobus", 7],
                    "Value": "{{ModId}}_DwarvenDragonRoll", 
                    "Delimiter": " "
                },
                {
                    "Operation": "Append",
                    "Target": ["Fields", "Pam", 5],
                    "Value": "{{ModId}}_EspressoMocktini", 
                    "Delimiter": " "
                },
                {
                    "Operation": "Append",
                    "Target": ["Fields", "George", 3],
                    "Value": "{{ModId}}_DwarvenDragonRoll", 
                    "Delimiter": " "
                },
                {
                    "Operation": "Append",
                    "Target": ["Fields", "Wizard", 3],
                    "Value": "{{ModId}}_DwarvenDragonRoll", 
                    "Delimiter": " "
                },
                {
                    "Operation": "Append",
                    "Target": ["Fields", "Wizard", 1],
                    "Value": "{{ModId}}_YobaTea {{ModId}}_ClubSunwich {{ModId}}_ShadowGumbo", 
                    "Delimiter": " "
                },
                {
                    "Operation": "Append",
                    "Target": ["Fields", "Krobus", 1],
                    "Value": "{{ModId}}_ShadowGumbo", 
                    "Delimiter": " "
                },
                {
                    "Operation": "Append",
                    "Target": ["Fields", "Dwarf", 1],
                    "Value": "{{ModId}}_DwarvenDragonRoll", 
                    "Delimiter": " "
                },
                {
                    "Operation": "Append",
                    "Target": ["Fields", "Jas", 1],
                    "Value": "{{ModId}}_FairyBread {{ModId}}_CakePops", 
                    "Delimiter": " "
                },
                {
                    "Operation": "Append",
                    "Target": ["Fields", "Emily", 1],
                    "Value": "{{ModId}}_AcaiBowl {{ModId}}_Parfait {{ModId}}_RedJelly", 
                    "Delimiter": " "
                },
                {
                    "Operation": "Append",
                    "Target": ["Fields", "Penny", 1],
                    "Value": "{{ModId}}_PoppySeedBagel {{ModId}}_ShrimpAndGrits", 
                    "Delimiter": " "
                },
                {
                    "Operation": "Append",
                    "Target": ["Fields", "Caroline", 1],
                    "Value": "{{ModId}}_BananaBread", 
                    "Delimiter": " "
                },
                {
                    "Operation": "Append",
                    "Target": ["Fields", "Marnie", 1],
                    "Value": "{{ModId}}_BreakfastBurrito {{ModId}}_DeviledEggs", 
                    "Delimiter": " "
                },
                {
                    "Operation": "Append",
                    "Target": ["Fields", "Abigail", 1],
                    "Value": "{{ModId}}_CakePops", 
                    "Delimiter": " "
                },
                {
                    "Operation": "Append",
                    "Target": ["Fields", "Jodi", 1],
                    "Value": "{{ModId}}_CaramelApple", 
                    "Delimiter": " "
                },
                {
                    "Operation": "Append",
                    "Target": ["Fields", "Willy", 1],
                    "Value": "{{ModId}}_CaviarOysters {{ModId}}_Pulpo", 
                    "Delimiter": " "
                },
                {
                    "Operation": "Append",
                    "Target": ["Fields", "Leah", 1],
                    "Value": "{{ModId}}_CharcuterieBoard", 
                    "Delimiter": " "
                },
                {
                    "Operation": "Append",
                    "Target": ["Fields", "Sandy", 1],
                    "Value": "{{ModId}}_ChipsAndSalsa {{ModId}}_AcaiBowl", 
                    "Delimiter": " "
                },
                {
                    "Operation": "Append",
                    "Target": ["Fields", "Lewis", 1],
                    "Value": "{{ModId}}_Cornbread {{ModId}}_ChipsAndSalsa", 
                    "Delimiter": " "
                },
                {
                    "Operation": "Append",
                    "Target": ["Fields", "Gus", 1],
                    "Value": "{{ModId}}_DeviledEggs {{ModId}}_OrangeJuice", 
                    "Delimiter": " "
                },
                {
                    "Operation": "Append",
                    "Target": ["Fields", "Harvey", 1],
                    "Value": "{{ModId}}_EspressoMocktini", 
                    "Delimiter": " "
                },
                {
                    "Operation": "Append",
                    "Target": ["Fields", "Pam", 1],
                    "Value": "{{ModId}}_FishAndChips {{ModId}}_PinaColada", 
                    "Delimiter": " "
                },
                {
                    "Operation": "Append",
                    "Target": ["Fields", "Evelyn", 1],
                    "Value": "{{ModId}}_FruitTart", 
                    "Delimiter": " "
                },
                {
                    "Operation": "Append",
                    "Target": ["Fields", "Shane", 1],
                    "Value": "{{ModId}}_GingerBeer {{ModId}}_ChipsAndSalsa", 
                    "Delimiter": " "
                },
                {
                    "Operation": "Append",
                    "Target": ["Fields", "Demetrius", 1],
                    "Value": "{{ModId}}_GobySuccotash {{ModId}}_StrawberryCheesecake", 
                    "Delimiter": " "
                },
                {
                    "Operation": "Append",
                    "Target": ["Fields", "Robin", 1],
                    "Value": "{{ModId}}_GobySuccotash {{ModId}}_RhubarbBalsamic", 
                    "Delimiter": " "
                },
                {
                    "Operation": "Append",
                    "Target": ["Fields", "Maru", 1],
                    "Value": "{{ModId}}_StrawberryCheesecake {{ModId}}_RhubarbBalsamic", 
                    "Delimiter": " "
                },
                {
                    "Operation": "Append",
                    "Target": ["Fields", "Elliott", 1],
                    "Value": "{{ModId}}_LobsterRoll {{ModId}}_CaviarOysters", 
                    "Delimiter": " "
                },
                {
                    "Operation": "Append",
                    "Target": ["Fields", "Sam", 1],
                    "Value": "{{ModId}}_MacAndCheese", 
                    "Delimiter": " "
                },
                {
                    "Operation": "Append",
                    "Target": ["Fields", "George", 1],
                    "Value": "{{ModId}}_MangoLassi", 
                    "Delimiter": " "
                },
                {
                    "Operation": "Append",
                    "Target": ["Fields", "Leo", 1],
                    "Value": "{{ModId}}_OrangeJuice {{ModId}}_MangoLassi", 
                    "Delimiter": " "
                },
                {
                    "Operation": "Append",
                    "Target": ["Fields", "Linus", 1],
                    "Value": "{{ModId}}_Parfait {{ModId}}_FruitTart", 
                    "Delimiter": " "
                },
                {
                    "Operation": "Append",
                    "Target": ["Fields", "Haley", 1],
                    "Value": "{{ModId}}_PinaColada", 
                    "Delimiter": " "
                },
                {
                    "Operation": "Append",
                    "Target": ["Fields", "Sebastian", 1],
                    "Value": "{{ModId}}_Ramen", 
                    "Delimiter": " "
                },
                {
                    "Operation": "Append",
                    "Target": ["Fields", "Clint", 1],
                    "Value": "{{ModId}}_RedJelly", 
                    "Delimiter": " "
                },
                {
                    "Operation": "Append",
                    "Target": ["Fields", "Kent", 1],
                    "Value": "{{ModId}}_ShrimpAndGrits", 
                    "Delimiter": " "
                },
                {
                    "Operation": "Append",
                    "Target": ["Fields", "Vincent", 1],
                    "Value": "{{ModId}}_BananaSplitSundae", 
                    "Delimiter": " "
                },
                {
                    "Operation": "Append",
                    "Target": ["Fields", "Alex", 1],
                    "Value": "{{ModId}}_SuperSmoothie", 
                    "Delimiter": " "
                }
            ]
        }
    ]
}