{
	"Changes": [
		{
			"Action": "EditData",
			"Target": "Data/Objects",
			"Entries": {
				"{{ModId}}_AcaiBowl": {
					"Name": "{{ModId}}_AcaiBowl",
					"Displayname": "{{i18n:AcaiBowl_name}}",
					"Description": "{{i18n:AcaiBowl_description}}",
					"Type": "Cooking",
					"Category": -7,
					"Price": 1785,
					"Edibility": 105,
					"Texture": "{{ModId}}/Cooking/AcaiBowl",
					"IsDrink": false
				},
				"{{ModId}}_PoppySeedBagel": {
					"Name": "{{ModId}}_PoppySeedBagel",
					"Displayname": "{{i18n:PoppySeedBagel_name}}",
					"Description": "{{i18n:PoppySeedBagel_description}}",
					"Type": "Cooking",
					"Category": -7,
					"Price": 1740,
					"Edibility": 75,
					"Texture": "{{ModId}}/Cooking/PoppySeedBagel",
					"IsDrink": false
                },
				"{{ModId}}_BananaBread": {
					"Name": "{{ModId}}_BananaBread",
					"Displayname": "{{i18n:BananaBread_name}}",
					"Description": "{{i18n:BananaBread_description}}",
					"Type": "Cooking",
					"Category": -7,
					"Price": 1090,
					"Edibility": 60,
					"Texture": "{{ModId}}/Cooking/BananaBread",
					"IsDrink": false
                },
				"{{ModId}}_BreakfastBurrito": {
					"Name": "{{ModId}}_BreakfastBurrito",
					"Displayname": "{{i18n:BreakfastBurrito_name}}",
					"Description": "{{i18n:BreakfastBurrito_description}}",
					"Type": "Cooking",
					"Category": -7,
					"Price": 1150,
					"Edibility": 60,
					"Texture": "{{ModId}}/Cooking/BreakfastBurrito",
					"IsDrink": false
                },
				"{{ModId}}_BroccoliCheddarSoup": {
					"Name": "{{ModId}}_BroccoliCheddarSoup",
					"Displayname": "{{i18n:BroccoliCheddarSoup_name}}",
					"Description": "{{i18n:BroccoliCheddarSoup_description}}",
					"Type": "Cooking",
					"Category": -7,
					"Price": 1340,
					"Edibility": 120,
					"Texture": "{{ModId}}/Cooking/BroccoliCheddarSoup",
					"IsDrink": false
                },
				"{{ModId}}_CakePops": {
					"Name": "{{ModId}}_CakePops",
					"Displayname": "{{i18n:CakePops_name}}",
					"Description": "{{i18n:CakePops_description}}",
					"Type": "Cooking",
					"Category": -7,
					"Price": 1030,
					"Edibility": 60,
					"Texture": "{{ModId}}/Cooking/CakePops",
					"IsDrink": false
                },
				"{{ModId}}_CaramelApple": {
					"Name": "{{ModId}}_CaramelApple",
					"Displayname": "{{i18n:CaramelApple_name}}",
					"Description": "{{i18n:CaramelApple_description}}",
					"Type": "Cooking",
					"Category": -7,
					"Price": 570,
					"Edibility": 45,
					"Texture": "{{ModId}}/Cooking/CaramelApple",
					"IsDrink": false
                },
				"{{ModId}}_CarrotCake": {
					"Name": "{{ModId}}_CarrotCake",
					"Displayname": "{{i18n:CarrotCake_name}}",
					"Description": "{{i18n:CarrotCake_description}}",
					"Type": "Cooking",
					"Category": -7,
					"Price": 1425,
					"Edibility": 150,
					"Texture": "{{ModId}}/Cooking/CarrotCake",
					"IsDrink": false
                },
				"{{ModId}}_CaviarOysters": {
					"Name": "{{ModId}}_CaviarOysters",
					"Displayname": "{{i18n:CaviarOysters_name}}",
					"Description": "{{i18n:CaviarOysters_description}}",
					"Type": "Cooking",
					"Category": -7,
					"Price": 3620,
					"Edibility": 90,
					"Texture": "{{ModId}}/Cooking/CaviarOysters",
					"IsDrink": false
                },
				"{{ModId}}_CharcuterieBoard": {
					"Name": "{{ModId}}_CharcuterieBoard",
					"Displayname": "{{i18n:CharcuterieBoard_name}}",
					"Description": "{{i18n:CharcuterieBoard_description}}",
					"Type": "Cooking",
					"Category": -7,
					"Price": 2090,
					"Edibility": 60,
					"Texture": "{{ModId}}/Cooking/CharcuterieBoard",
					"IsDrink": false
                },
				"{{ModId}}_ChipsAndSalsa": {
					"Name": "{{ModId}}_ChipsAndSalsa",
					"Displayname": "{{i18n:ChipsAndSalsa_name}}",
					"Description": "{{i18n:ChipsAndSalsa_description}}",
					"Type": "Cooking",
					"Category": -7,
					"Price": 2180,
					"Edibility": 75,
					"Texture": "{{ModId}}/Cooking/ChipsAndSalsa",
					"IsDrink": false
                },
				"{{ModId}}_Cornbread": {
					"Name": "{{ModId}}_Cornbread",
					"Displayname": "{{i18n:Cornbread_name}}",
					"Description": "{{i18n:Cornbread_description}}",
					"Type": "Cooking",
					"Category": -7,
					"Price": 1225,
					"Edibility": 55,
					"Texture": "{{ModId}}/Cooking/Cornbread",
					"IsDrink": false
                },
				"{{ModId}}_DeviledEggs": {
					"Name": "{{ModId}}_DeviledEggs",
					"Displayname": "{{i18n:DeviledEggs_name}}",
					"Description": "{{i18n:DeviledEggs_description}}",
					"Type": "Cooking",
					"Category": -7,
					"Price": 2465,
					"Edibility": 75,
					"Texture": "{{ModId}}/Cooking/DeviledEggs",
					"IsDrink": false
                },
				"{{ModId}}_DwarvenDragonRoll": {
					"Name": "{{ModId}}_DwarvenDragonRoll",
					"Displayname": "{{i18n:DwarvenDragonRoll_name}}",
					"Description": "{{i18n:DwarvenDragonRoll_description}}",
					"Type": "Cooking",
					"Category": -7,
					"Price": 3800,
					"Edibility": 90,
					"Texture": "{{ModId}}/Cooking/DwarvenDragonRoll",
					"IsDrink": false
                },
				"{{ModId}}_EspressoMocktini": {
					"Name": "{{ModId}}_EspressoMocktini",
					"Displayname": "{{i18n:EspressoMocktini_name}}",
					"Description": "{{i18n:EspressoMocktini_description}}",
					"Type": "Cooking",
					"Category": -7,
					"Price": 935,
					"Edibility": 30,
					"Texture": "{{ModId}}/Cooking/EspressoMocktini",
					"IsDrink": true,
					"Buffs": [
						{
							"Id": "Food",
							"BuffId": null,
							"Duration": 720,
							"GlowColor": null,
							"CustomAttributes": {
								"Speed": 1.0
							}
						}
					]
				},	
				"{{ModId}}_FairyBread": {
					"Name": "{{ModId}}_FairyBread",
					"Displayname": "{{i18n:FairyBread_name}}",
					"Description": "{{i18n:FairyBread_description}}",
					"Type": "Cooking",
					"Category": -7,
					"Price": 200,
					"Edibility": 20,
					"Texture": "{{ModId}}/Cooking/FairyBread",
					"IsDrink": false
                },
				"{{ModId}}_FishAndChips": {
					"Name": "{{ModId}}_FishAndChips",
					"Displayname": "{{i18n:FishAndChips_name}}",
					"Description": "{{i18n:FishAndChips_description}}",
					"Type": "Cooking",
					"Category": -7,
					"Price": 1135,
					"Edibility": 75,
					"Texture": "{{ModId}}/Cooking/FishAndChips",
					"IsDrink": false
                },
				"{{ModId}}_FruitTart": {
					"Name": "{{ModId}}_FruitTart",
					"Displayname": "{{i18n:FruitTart_name}}",
					"Description": "{{i18n:FruitTart_description}}",
					"Type": "Cooking",
					"Category": -7,
					"Price": 2635,
					"Edibility": 135,
					"Texture": "{{ModId}}/Cooking/FruitTart",
					"IsDrink": false
                },
				"{{ModId}}_GingerBeer": {
					"Name": "{{ModId}}_GingerBeer",
					"Displayname": "{{i18n:GingerBeer_name}}",
					"Description": "{{i18n:GingerBeer_description}}",
					"Type": "Cooking",
					"Category": -7,
					"Price": 700,
					"Edibility": 30,
					"Texture": "{{ModId}}/Cooking/GingerBeer",
					"IsDrink": true
                },
				"{{ModId}}_GobySuccotash": {
					"Name": "{{ModId}}_GobySuccotash",
					"Displayname": "{{i18n:GobySuccotash_name}}",
					"Description": "{{i18n:GobySuccotash_description}}",
					"Type": "Cooking",
					"Category": -7,
					"Price": 1170,
					"Edibility": 60,
					"Texture": "{{ModId}}/Cooking/GobySuccotash",
					"IsDrink": false
                },
				"{{ModId}}_HollyJollyCupcake": {
					"Name": "{{ModId}}_HollyJollyCupcake",
					"Displayname": "{{i18n:HollyJollyCupcake_name}}",
					"Description": "{{i18n:HollyJollyCupcake_description}}",
					"Type": "Cooking",
					"Category": -7,
					"Price": 710,
					"Edibility": 75,
					"Texture": "{{ModId}}/Cooking/HollyJollyCupcake",
					"IsDrink": false
                },
				"{{ModId}}_LobsterRoll": {
					"Name": "{{ModId}}_LobsterRoll",
					"Displayname": "{{i18n:LobsterRoll_name}}",
					"Description": "{{i18n:LobsterRoll_description}}",
					"Type": "Cooking",
					"Category": -7,
					"Price": 2475,
					"Edibility": 75,
					"Texture": "{{ModId}}/Cooking/LobsterRoll",
					"IsDrink": false
                },
				"{{ModId}}_MacAndCheese": {
					"Name": "{{ModId}}_MacAndCheese",
					"Displayname": "{{i18n:MacAndCheese_name}}",
					"Description": "{{i18n:MacAndCheese_description}}",
					"Type": "Cooking",
					"Category": -7,
					"Price": 1620,
					"Edibility": 60,
					"Texture": "{{ModId}}/Cooking/MacAndCheese",
					"IsDrink": false
                },
				"{{ModId}}_MangoLassi": {
					"Name": "{{ModId}}_MangoLassi",
					"Displayname": "{{i18n:MangoLassi_name}}",
					"Description": "{{i18n:MangoLassi_description}}",
					"Type": "Cooking",
					"Category": -7,
					"Price": 1165,
					"Edibility": 40,
					"Texture": "{{ModId}}/Cooking/MangoLassi",
					"IsDrink": true
                },
				"{{ModId}}_OrangeJuice": {
					"Name": "{{ModId}}_OrangeJuice",
					"Displayname": "{{i18n:OrangeJuice_name}}",
					"Description": "{{i18n:OrangeJuice_description}}",
					"Type": "Cooking",
					"Category": -7,
					"Price": 540,
					"Edibility": 30,
					"Texture": "{{ModId}}/Cooking/OrangeJuice",
					"IsDrink": true
                },
				"{{ModId}}_Parfait": {
					"Name": "{{ModId}}_Parfait",
					"Displayname": "{{i18n:Parfait_name}}",
					"Description": "{{i18n:Parfait_description}}",
					"Type": "Cooking",
					"Category": -7,
					"Price": 1100,
					"Edibility": 90,
					"Texture": "{{ModId}}/Cooking/Parfait",
					"IsDrink": false
                },
				"{{ModId}}_PinaColada": {
					"Name": "{{ModId}}_PinaColada",
					"Displayname": "{{i18n:PinaColada_name}}",
					"Description": "{{i18n:PinaColada_description}}",
					"Type": "Cooking",
					"Category": -7,
					"Price": 300,
					"Edibility": 30,
					"Texture": "{{ModId}}/Cooking/PinaColada",
					"IsDrink": true,
					"Buffs": [
						{
						  "Id": "Tipsy",
						  "BuffId": "17"
						}
					]
                },
				"{{ModId}}_Pulpo": {
					"Name": "{{ModId}}_Pulpo",
					"Displayname": "{{i18n:Pulpo_name}}",
					"Description": "{{i18n:Pulpo_description}}",
					"Type": "Cooking",
					"Category": -7,
					"Price": 2585,
					"Edibility": 45,
					"Texture": "{{ModId}}/Cooking/Pulpo",
					"IsDrink": false
                },
				"{{ModId}}_Ramen": {
					"Name": "{{ModId}}_Ramen",
					"Displayname": "{{i18n:Ramen_name}}",
					"Description": "{{i18n:Ramen_description}}",
					"Type": "Cooking",
					"Category": -7,
					"Price": 1950,
					"Edibility": 120,
					"Texture": "{{ModId}}/Cooking/Ramen",
					"IsDrink": false
                },
				"{{ModId}}_RedJelly": {
					"Name": "{{ModId}}_RedJelly",
					"Displayname": "{{i18n:RedJelly_name}}",
					"Description": "{{i18n:RedJelly_description}}",
					"Type": "Cooking",
					"Category": -7,
					"Price": 635,
					"Edibility": 60,
					"Texture": "{{ModId}}/Cooking/RedJelly",
					"IsDrink": false
                },
				"{{ModId}}_RhubarbBalsamic": {
					"Name": "{{ModId}}_RhubarbBalsamic",
					"Displayname": "{{i18n:RhubarbBalsamic_name}}",
					"Description": "{{i18n:RhubarbBalsamic_description}}",
					"Type": "Cooking",
					"Category": -7,
					"Price": 995,
					"Edibility": 40,
					"Texture": "{{ModId}}/Cooking/RhubarbBalsamic",
					"IsDrink": true
                },
				"{{ModId}}_ShadowGumbo": {
					"Name": "{{ModId}}_ShadowGumbo",
					"Displayname": "{{i18n:ShadowGumbo_name}}",
					"Description": "{{i18n:ShadowGumbo_description}}",
					"Type": "Cooking",
					"Category": -7,
					"Price": 2645,
					"Edibility": 5,
					"Texture": "{{ModId}}/Cooking/ShadowGumbo",
					"IsDrink": false
                },
				"{{ModId}}_ShrimpAndGrits": {
					"Name": "{{ModId}}_ShrimpAndGrits",
					"Displayname": "{{i18n:ShrimpAndGrits_name}}",
					"Description": "{{i18n:ShrimpAndGrits_description}}",
					"Type": "Cooking",
					"Category": -7,
					"Price": 1390,
					"Edibility": 60,
					"Texture": "{{ModId}}/Cooking/ShrimpAndGrits",
					"IsDrink": false
                },
				"{{ModId}}_SquashRisotto": {
					"Name": "{{ModId}}_SquashRisotto",
					"Displayname": "{{i18n:SquashRisotto_name}}",
					"Description": "{{i18n:SquashRisotto_description}}",
					"Type": "Cooking",
					"Category": -7,
					"Price": 810,
					"Edibility": 90,
					"Texture": "{{ModId}}/Cooking/SquashRisotto",
					"IsDrink": false
                },
				"{{ModId}}_StrawberryCheesecake": {
					"Name": "{{ModId}}_StrawberryCheesecake",
					"Displayname": "{{i18n:StrawberryCheesecake_name}}",
					"Description": "{{i18n:StrawberryCheesecake_description}}",
					"Type": "Cooking",
					"Category": -7,
					"Price": 1380,
					"Edibility": 75,
					"Texture": "{{ModId}}/Cooking/StrawberryCheesecake",
					"IsDrink": false
                },
				"{{ModId}}_BananaSplitSundae": {
					"Name": "{{ModId}}_BananaSplitSundae",
					"Displayname": "{{i18n:BananaSplitSundae_name}}",
					"Description": "{{i18n:BananaSplitSundae_description}}",
					"Type": "Cooking",
					"Category": -7,
					"Price": 1180,
					"Edibility": 75,
					"Texture": "{{ModId}}/Cooking/BananaSplitSundae",
					"IsDrink": false
                },
				"{{ModId}}_SuperSmoothie": {
					"Name": "{{ModId}}_SuperSmoothie",
					"Displayname": "{{i18n:SuperSmoothie_name}}",
					"Description": "{{i18n:SuperSmoothie_description}}",
					"Type": "Cooking",
					"Category": -7,
					"Price": 1560,
					"Edibility": 100,
					"Texture": "{{ModId}}/Cooking/SuperSmoothie",
					"IsDrink": true
				},
				"{{ModId}}_GrandpasCookbook": {
					"Name": "{{ModId}}_GrandpasCookbook",
					"Displayname": "{{i18n:GrandpasCookbook_name}}",
					"Description": "{{i18n:GrandpasCookbook_description}}",
					"Type": "asdf",
					"Category": -102,
					"Texture": "{{ModId}}/GrandpasCookbook"
				},
				"{{ModId}}_YobaTea": {
					"Name": "{{ModId}}_YobaTea",
					"Displayname": "{{i18n:YobaTea_name}}",
					"Description": "{{i18n:YobaTea_description}}",
					"Type": "Cooking",
					"Category": -7,
					"Price": 5630,
					"Edibility": 200,
					"Texture": "{{ModId}}/Cooking/YobaTea",
					"IsDrink": true,
					"Buffs": [
						{
							"Id": "Food",
							"BuffId": null,
							"Duration": 900,
							"GlowColor": null,
							"CustomAttributes": {
								"FarmingLevel": 2.0,
								"FishingLevel": 2.0,
								"MiningLevel": 2.0,
								"LuckLevel": 2.0,
								"ForagingLevel": 2.0,
								"MaxStamina": 2.0,
								"MagneticRadius": 2.0,
								"Speed": 2.0,
								"Defense": 2.0,
								"Attack": 2.0
							}
						}
					]
				},
				"{{ModId}}_ClubSunwich": {
					"Name": "{{ModId}}_ClubSunwich",
					"Displayname": "{{i18n:ClubSunwich_name}}",
					"Description": "{{i18n:ClubSunwich_description}}",
					"Type": "Cooking",
					"Category": -7,
					"Price": 4750,
					"Edibility": 200,
					"Texture": "{{ModId}}/Cooking/ClubSunwich",
					"IsDrink": false,
					"Buffs": [
						{
								"Id": "Food",
								"BuffId": null,
								"Duration": 900,
								"GlowColor": null,
								"CustomAttributes": {
								"FarmingLevel": 2.0,
								"FishingLevel": 2.0,
								"MiningLevel": 2.0,
								"LuckLevel": 2.0,
								"ForagingLevel": 2.0,
								"MaxStamina": 2.0,
								"MagneticRadius": 2.0,
								"Speed": 2.0,
								"Defense": 2.0,
								"Attack": 2.0
							}
						}
					]
				},
				"{{ModId}}_QiBurger": {
					"Name": "{{ModId}}_QiBurger",
					"Displayname": "{{i18n:QiBurger_name}}",
					"Description": "{{i18n:QiBurger_description}}",
					"Type": "Cooking",
					"Category": -7,
					"Price": 1000,
					"Edibility": 500,
					"Texture": "{{ModId}}/Cooking/QiBurger",
					"IsDrink": false,
					"Buffs": [
						{
							"Id": "Food",
							"BuffId": null,
							"Duration": 1000,
							"GlowColor": null,
							"CustomAttributes": {
								"LuckLevel": 1.0,
								"Speed": 1.0
							}
						}
					]
				}
			}
		}
	]
}