{
    "Changes": [
      {
        "Action": "EditData",
        "Target": "Data/TriggerActions",
        "Entries": {
          "{{ModId}}_CookbookTrigger": {
            "Id": "{{ModId}}_CookbookTrigger",
            "Trigger": "LocationChanged",
            "Condition": "PLAYER_STAT Current {{ModId}}_GrandpasCookbook 1",
            "Actions": [
              "MarkCookingRecipeKnown Current {{ModId}}_BroccoliCheddarSoup",
              "MarkCookingRecipeKnown Current {{ModId}}_CarrotCake",
              "MarkCookingRecipeKnown Current {{ModId}}_HollyJollyCupcake",
              "MarkCookingRecipeKnown Current {{ModId}}_SquashRisotto"
            ]
          },
          "{{ModId}}_LewisGrandpasCookbookLetter": {
            "Id": "{{ModId}}_LewisGrandpasCookbookLetter",
            "Trigger": "DayStarted",
            "Action": "AddMail Current LewisGrandpasCookbookLetter"
          },
          "{{ModId}}_EmilyAcaiBowlLetter": {
            "Id": "{{ModId}}_EmilyAcaiBowlLetter",
            "Trigger": "DayStarted",
            "Condition": "PLAYER_FRIENDSHIP_POINTS Current Emily 1500",
            "Action": "AddMail Current EmilyAcaiBowlLetter"
          },
        "{{ModId}}_PennyPoppySeedBagelLetter": {
          "Id": "{{ModId}}_PennyPoppySeedBagelLetter",
          "Trigger": "DayStarted",
          "Condition": "PLAYER_FRIENDSHIP_POINTS Current Penny 1250",
          "Action": "AddMail Current PennyPoppySeedBagelLetter"
          },
          "{{ModId}}_CarolineBananaBreadLetter": {
            "Id": "{{ModId}}_CarolineBananaBreadLetter",
            "Trigger": "DayStarted",
            "Condition": "PLAYER_FRIENDSHIP_POINTS Current Caroline 1250",
            "Action": "AddMail Current CarolineBananaBreadLetter"
          },
        "{{ModId}}_MarnieBreakfastBurritoLetter": {
          "Id": "{{ModId}}_MarnieBreakfastBurritoLetter",
          "Trigger": "DayStarted",
          "Condition": "PLAYER_FRIENDSHIP_POINTS Current Marnie 1250",
          "Action": "AddMail Current MarnieBreakfastBurritoLetter"
        },
        "{{ModId}}_AbigailCakePopsLetter": {
            "Id": "{{ModId}}_AbigailCakePopsLetter",
            "Trigger": "DayStarted",
            "Condition": "PLAYER_FRIENDSHIP_POINTS Current Abigail 1250",
            "Action": "AddMail Current AbigailCakePopsLetter"
        },
        "{{ModId}}_JodiCaramelAppleLetter": {
            "Id": "{{ModId}}_JodiCaramelAppleLetter",
            "Trigger": "DayStarted",
            "Condition": "PLAYER_FRIENDSHIP_POINTS Current Jodi 1250",
            "Action": "AddMail Current JodiCaramelAppleLetter"
        },
        "{{ModId}}_WillyCaviarOystersLetter": {
            "Id": "{{ModId}}_WillyCaviarOystersLetter",
            "Trigger": "DayStarted",
            "Condition": "PLAYER_FRIENDSHIP_POINTS Current Willy 1250",
            "Action": "AddMail Current WillyCaviarOystersLetter"
        },
        "{{ModId}}_LeahCharcuterieBoardLetter": {
            "Id": "{{ModId}}_LeahCharcuterieBoardLetter",
            "Trigger": "DayStarted",
            "Condition": "PLAYER_FRIENDSHIP_POINTS Current Leah 1250",
            "Action": "AddMail Current LeahCharcuterieBoardLetter"
        },
        "{{ModId}}_SandyChipsAndSalsaLetter": {
            "Id": "{{ModId}}_SandyChipsAndSalsaLetter",
            "Trigger": "DayStarted",
            "Condition": "PLAYER_FRIENDSHIP_POINTS Current Sandy 750",
            "Action": "AddMail Current SandyChipsAndSalsaLetter"
        },
        "{{ModId}}_LewisCornbreadLetter": {
            "Id": "{{ModId}}_LewisCornbreadLetter",
            "Trigger": "DayStarted",
            "Condition": "PLAYER_FRIENDSHIP_POINTS Current Lewis 1250",
            "Action": "AddMail Current LewisCornbreadLetter"
        },
        "{{ModId}}_GusDeviledEggsLetter": {
            "Id": "{{ModId}}_GusDeviledEggsLetter",
            "Trigger": "DayStarted",
            "Condition": "PLAYER_FRIENDSHIP_POINTS Current Gus 1250",
            "Action": "AddMail Current GusDeviledEggsLetter"
        },
        "{{ModId}}_DwarfDwarvenDragonRollLetter": {
            "Id": "{{ModId}}_DwarfDwarvenDragonRollLetter",
            "Trigger": "DayStarted",
            "Condition": "PLAYER_FRIENDSHIP_POINTS Current Dwarf 1250",
            "Action": "AddMail Current DwarfDwarvenDragonRollLetter"
        },
        "{{ModId}}_HarveyEspressoMocktiniLetter": {
            "Id": "{{ModId}}_HarveyEspressoMocktiniLetter",
            "Trigger": "DayStarted",
            "Condition": "PLAYER_FRIENDSHIP_POINTS Current Harvey 1250",
            "Action": "AddMail Current HarveyEspressoMocktiniLetter"
        },
        "{{ModId}}_JasFairyBreadLetter": {
            "Id": "{{ModId}}_JasFairyBreadLetter",
            "Trigger": "DayStarted",
            "Condition": "PLAYER_FRIENDSHIP_POINTS Current Jas 1250",
            "Action": "AddMail Current JasFairyBreadLetter"
        },
        "{{ModId}}_PamFishAndChipsLetter": {
            "Id": "{{ModId}}_PamFishAndChipsLetter",
            "Trigger": "DayStarted",
            "Condition": "PLAYER_FRIENDSHIP_POINTS Current Pam 1250",
            "Action": "AddMail Current PamFishAndChipsLetter"
        },
        "{{ModId}}_EvelynFruitTartLetter": {
            "Id": "{{ModId}}_EvelynFruitTartLetter",
            "Trigger": "DayStarted",
            "Condition": "PLAYER_FRIENDSHIP_POINTS Current Evelyn 1250",
            "Action": "AddMail Current EvelynFruitTartLetter"
        },
        "{{ModId}}_ShaneGingerBeerLetter": {
            "Id": "{{ModId}}_ShaneGingerBeerLetter",
            "Trigger": "DayStarted",
            "Condition": "PLAYER_FRIENDSHIP_POINTS Current Shane 1500",
            "Action": "AddMail Current ShaneGingerBeerLetter"
        },
        "{{ModId}}_DemetriusGobySuccotashLetter": {
            "Id": "{{ModId}}_DemetriusGobySuccotashLetter",
            "Trigger": "DayStarted",
            "Condition": "PLAYER_FRIENDSHIP_POINTS Current Demetrius 1250",
            "Action": "AddMail Current DemetriusGobySuccotashLetter"
        },
        "{{ModId}}_ElliottLobsterRollLetter": {
            "Id": "{{ModId}}_ElliottLobsterRollLetter",
            "Trigger": "DayStarted",
            "Condition": "PLAYER_FRIENDSHIP_POINTS Current Elliott 1250",
            "Action": "AddMail Current ElliottLobsterRollLetter"
        },
        "{{ModId}}_SamMacAndCheeseLetter": {
            "Id": "{{ModId}}_SamMacAndCheeseLetter",
            "Trigger": "DayStarted",
            "Condition": "PLAYER_FRIENDSHIP_POINTS Current Sam 1250",
            "Action": "AddMail Current SamMacAndCheeseLetter"
        },
        "{{ModId}}_GeorgeMangoLassiLetter": {
            "Id": "{{ModId}}_GeorgeMangoLassiLetter",
            "Trigger": "DayStarted",
            "Condition": "PLAYER_FRIENDSHIP_POINTS Current George 1250",
            "Action": "AddMail Current GeorgeMangoLassiLetter"
        },
        "{{ModId}}_LeoOrangeJuiceLetter": {
            "Id": "{{ModId}}_LeoOrangeJuiceLetter",
            "Trigger": "DayStarted",
            "Condition": "PLAYER_FRIENDSHIP_POINTS Current Leo 1750",
            "Action": "AddMail Current LeoOrangeJuiceLetter"
        },
        "{{ModId}}_LinusParfaitLetter": {
            "Id": "{{ModId}}_LinusParfaitLetter",
            "Trigger": "DayStarted",
            "Condition": "PLAYER_FRIENDSHIP_POINTS Current Linus 1250",
            "Action": "AddMail Current LinusParfaitLetter"
        },
        "{{ModId}}_HaleyPinaColadaLetter": {
            "Id": "{{ModId}}_HaleyPinaColadaLetter",
            "Trigger": "DayStarted",
            "Condition": "PLAYER_FRIENDSHIP_POINTS Current Haley 1250",
            "Action": "AddMail Current HaleyPinaColadaLetter"
        },
        "{{ModId}}_PierrePulpoLetter": {
            "Id": "{{ModId}}_PierrePulpoLetter",
            "Trigger": "DayStarted",
            "Condition": "PLAYER_FRIENDSHIP_POINTS Current Pierre 1750",
            "Action": "AddMail Current PierrePulpoLetter"
        },
        "{{ModId}}_SebastianRamenLetter": {
            "Id": "{{ModId}}_SebastianRamenLetter",
            "Trigger": "DayStarted",
            "Condition": "PLAYER_FRIENDSHIP_POINTS Current Sebastian 1250",
            "Action": "AddMail Current SebastianRamenLetter"
        },
        "{{ModId}}_ClintRedJellyLetter": {
            "Id": "{{ModId}}_ClintRedJellyLetter",
            "Trigger": "DayStarted",
            "Condition": "PLAYER_FRIENDSHIP_POINTS Current Clint 1250",
            "Action": "AddMail Current ClintRedJellyLetter"
        },
        "{{ModId}}_MaruRhubarbBalsamicLetter": {
            "Id": "{{ModId}}_MaruRhubarbBalsamicLetter",
            "Trigger": "DayStarted",
            "Condition": "PLAYER_FRIENDSHIP_POINTS Current Maru 1250",
            "Action": "AddMail Current MaruRhubarbBalsamicLetter"
        },
        "{{ModId}}_KrobusShadowGumboLetter": {
            "Id": "{{ModId}}_KrobusShadowGumboLetter",
            "Trigger": "DayStarted",
            "Condition": "PLAYER_FRIENDSHIP_POINTS Current Krobus 1250",
            "Action": "AddMail Current KrobusShadowGumboLetter"
        },
        "{{ModId}}_KentShrimpAndGritsLetter": {
            "Id": "{{ModId}}_KentShrimpAndGritsLetter",
            "Trigger": "DayStarted",
            "Condition": "PLAYER_FRIENDSHIP_POINTS Current Kent 1250",
            "Action": "AddMail Current KentShrimpAndGritsLetter"
        },
        "{{ModId}}_RobinStrawberryCheesecakeLetter": {
            "Id": "{{ModId}}_RobinStrawberryCheesecakeLetter",
            "Trigger": "DayStarted",
            "Condition": "PLAYER_FRIENDSHIP_POINTS Current Robin 1250",
            "Action": "AddMail Current RobinStrawberryCheesecakeLetter"
        },
        "{{ModId}}_VincentBananaSplitSundaeLetter": {
            "Id": "{{ModId}}_VincentBananaSplitSundaeLetter",
            "Trigger": "DayStarted",
            "Condition": "PLAYER_FRIENDSHIP_POINTS Current Vincent 1250",
            "Action": "AddMail Current VincentBananaSplitSundaeLetter"
        },
        "{{ModId}}_AlexSuperSmoothieLetter": {
            "Id": "{{ModId}}_AlexSuperSmoothieLetter",
            "Trigger": "DayStarted",
            "Condition": "PLAYER_FRIENDSHIP_POINTS Current Alex 1250",
            "Action": "AddMail Current AlexSuperSmoothieLetter"
        },
        "{{ModId}}_WizardYobaTeaLetter": {
            "Id": "{{ModId}}_WizardYobaTeaLetter",
            "Trigger": "DayStarted",
            "Condition": "PLAYER_FRIENDSHIP_POINTS Current Wizard 2500",
            "Action": "AddMail Current WizardYobaTeaLetter"
        },
        "{{ModId}}_WizardClubSunwichLetter": {
            "Id": "{{ModId}}_WizardClubSunwichLetter",
            "Trigger": "DayStarted",
            "Condition": "PLAYER_FRIENDSHIP_POINTS Current Wizard 1750",
            "Action": "AddMail Current WizardClubSunwichLetter"
        },
        "{{ModId}}_MisterQiQiBurgerLetter": {
            "Id": "{{ModId}}_MisterQiQiBurgerLetter",
            "Trigger": "DayStarted",
            "Condition": "PLAYER_HAS_SEEN_EVENT Any 10040609",
            "Action": "AddMail Current MisterQiQiBurgerLetter"
        }
}
}
]
}