{
    "Format": "2.1.0",
	"Changes": [
		{
			"Action": "Load",
			"Target": "{{ModId}}/Cooking/AcaiBowl, {{ModId}}/Cooking/PoppySeedBagel, {{ModId}}/Cooking/BananaBread, {{ModId}}/Cooking/BreakfastBurrito, {{ModId}}/Cooking/BroccoliCheddarSoup, {{ModId}}/Cooking/CakePops, {{ModId}}/Cooking/CaramelApple, {{ModId}}/Cooking/CarrotCake, {{ModId}}/Cooking/CaviarOysters, {{ModId}}/Cooking/CharcuterieBoard, {{ModId}}/Cooking/ChipsAndSalsa, {{ModId}}/Cooking/Cornbread, {{ModId}}/Cooking/DeviledEggs, {{ModId}}/Cooking/DwarvenDragonRoll, {{ModId}}/Cooking/EspressoMocktini, {{ModId}}/Cooking/FairyBread, {{ModId}}/Cooking/FishAndChips, {{ModId}}/Cooking/FruitTart, {{ModId}}/Cooking/GingerBeer, {{ModId}}/Cooking/GobySuccotash, {{ModId}}/Cooking/HollyJollyCupcake, {{ModId}}/Cooking/LobsterRoll, {{ModId}}/Cooking/MacAndCheese, {{ModId}}/Cooking/MangoLassi, {{ModId}}/Cooking/OrangeJuice, {{ModId}}/Cooking/Parfait, {{ModId}}/Cooking/PinaColada, {{ModId}}/Cooking/Pulpo, {{ModId}}/Cooking/Ramen, {{ModId}}/Cooking/RedJelly, {{ModId}}/Cooking/RhubarbBalsamic, {{ModId}}/Cooking/ShadowGumbo, {{ModId}}/Cooking/ShrimpAndGrits, {{ModId}}/Cooking/SquashRisotto, {{ModId}}/Cooking/StrawberryCheesecake, {{ModId}}/Cooking/BananaSplitSundae, {{ModId}}/Cooking/SuperSmoothie, {{ModId}}/GrandpasCookbook, {{ModId}}/Cooking/YobaTea, {{ModId}}/Cooking/ClubSunwich, {{ModId}}/Cooking/QiBurger",
			"FromFile": "Assets/Items/{{TargetWithoutPath}}.png"
		},
		{
            "LogName": "Cooking Item Data",
            "Action": "Include",
            "FromFile": "Data/ItemData/Objects.json, Data/ItemData/CookingRecipes.json, Data/ItemData/NPCGiftTastes.json, Data/ItemData/Mail.json, Data/ItemData/TriggerActions.json"
		}
	]
}